<?xml version="1.0" encoding="UTF-8"?>
<beans xmlns="http://www.springframework.org/schema/beans"
       xmlns:xsi="http://www.w3.org/2001/XMLSchema-instance"
       xsi:schemaLocation="http://www.springframework.org/schema/beans http://www.springframework.org/schema/beans/spring-beans.xsd">

<!--    <bean id="dreptunghi_1" class="org.example.ex_0.Dreptunghi">-->
<!--        <property name="lungime" value="3"/>-->
<!--        <property name="latime" value="2"/>-->
<!--    </bean>-->

    <bean id="dreptunghi_2" class="org.example.ex_0.Dreptunghi">
        <constructor-arg index="0" value="2" type="int"/>
        <constructor-arg index="1" value="3" type="int"/>
    </bean>

</beans>