{
  "1" : {
    "titlul" : "Plansul lui Nitzsche",
    "autorul" : "Irvin Yalom",
    "anul" : 1992
  },
  "2" : {
    "titlul" : "Crima si pedeapsa",
    "autorul" : "Fyodor Dostoevski",
    "anul" : 1856
  },
  "3" : {
    "titlul" : "Mitul lui Camus",
    "autorul" : "Albert Camus",
    "anul" : 1942
  },
  "4" : {
    "titlul" : "Scurta istorie a omenirii",
    "autorul" : "Yuval Noah Harari",
    "anul" : 2011
  },
  "5" : {
    "titlul" : "Homo deus - Scurta istorie a viitorului",
    "autorul" : "Yuval Noah Harari",
    "anul" : 2015
  },
  "6" : {
    "titlul" : "21 de lectii pentru secolul XXI",
    "autorul" : "Yuval Noah Harari",
    "anul" : 2018
  }
}