[{"nume":"Alexandru Prisacari","post":"Portar","data_angajarii":"2022-03-22","salariul":3500.0},{"nume":"Daniel Arapu","post":"Fierar","data_angajarii":"2017-09-26","salariul":2700.3},{"nume":"Ion Vasile","post":"Lemnar","data_angajarii":"2018-05-22","salariul":5506.0},{"nume":"Darius Vesa","post":"Programator","data_angajarii":"2016-12-11","salariul":5800.0},{"nume":"Mihai Vanea","post":"Bucatar","data_angajarii":"2021-09-22","salariul":3109.0},{"nume":"Alex Pesci","post":"Apicultor","data_angajarii":"2011-03-22","salariul":3200.0}]