[
  {
  "nume": "Alexandru Prisacari",
  "post": "Portar",
  "data_angajarii": "2022-04-22",
  "salariul": 1500.00
},
  {
    "nume": "Daniel Arapu",
    "post": "Sef constructii",
    "data_angajarii": "2022-05-26",
    "salariul": 1700.30
  },
  {
    "nume": "Ion Vasile",
    "post": "Director vanzari",
    "data_angajarii": "2022-06-22",
    "salariul": 5506.00
  },
  {
    "nume": "Darius Vesa",
    "post": "Programator",
    "data_angajarii": "2016-12-11",
    "salariul": 5800.00
  },
  {
    "nume": "Mihai Vanea",
    "post": "Bucatar",
    "data_angajarii": "2021-09-22",
    "salariul": 3109.00
  },
  {
    "nume": "Alex Pesci",
    "post": "Apicultor",
    "data_angajarii": "2011-03-22",
    "salariul": 3200.00
  }
]